epoch,loss_train,u_err,v_err,p_err
1,,1.28158700466156,0.36096444725990295,0.9251656532287598
2,,1.2800443172454834,0.35796135663986206,0.9250379204750061
3,,1.2784944772720337,0.3549819886684418,0.9249144792556763
4,,1.2769502401351929,0.35202714800834656,0.9247930645942688
